{
  "events": [
    {
      "id": "memory-solutions-2025-09-02",
      "slug": "memory-solutions-seminar",
      "type": "seminar",
      "title": "Discover Advanced Memory Solutions",
      "date": "2025-09-02",
      "time": "9:00 AM",
      "location": "Bengaluru, India",
      "description": "Learn about advanced memory solutions and best practices from our experts.",
      "fullDescription": "Join industry professionals for in-depth technical discussions and demonstrations.",
      "image": "../images/logo.png",
      "imageAlt": "Primeasure Logo",
      "registrationEnabled": true,
      "company": "Primeasure",
      "status": "upcoming"
    },
    {
      "id": "ibc-2025-09-12",
      "slug": "ibc-2025",
      "type": "expo",
      "title": "IBC 2025",
      "date": "2025-09-12",
      "dateEnd": "2025-09-15",
      "time": "9:00 AM",
      "location": "Amsterdam, Netherlands",
      "description": "Join us at the world's most influential media, entertainment & technology show. Visit us at the GrassValley Booth Hall 9, Booth 9.A01.",
      "fullDescription": "Experience the future of broadcasting at IBC 2025. Connect with our team at the GrassValley booth.",
      "image": "../images/events/ibc.png",
      "imageAlt": "IBC 2025 Logo",
      "registrationEnabled": false,
      "externalUrl": "https://show.ibc.org/ibc2025-pass-types",
      "company": "GrassValley",
      "status": "upcoming"
    },
    {
      "id": "broadcast-india-2025-10-14",
      "slug": "broadcast-india-2025",
      "type": "expo",
      "title": "Broadcast India 2025",
      "date": "2025-10-14",
      "dateEnd": "2025-10-16",
      "time": "9:00 AM",
      "location": "Mumbai, India",
      "description": "Join us at the GrassValley booth to explore our latest broadcast solutions and meet our experts.",
      "fullDescription": "India's premier event for the Media & Entertainment industry. Visit us at the GrassValley booth.",
      "image": "../images/events/bi2025.png",
      "imageAlt": "Broadcast India 2025 Logo",
      "registrationEnabled": false,
      "externalUrl": "https://n-gage.live/bi2025/visitor/step1",
      "company": "GrassValley",
      "status": "upcoming"
    },
    {
      "id": "auto-ev-bharat-2025-11-19",
      "slug": "auto-ev-bharat-2025",
      "type": "expo",
      "title": "AUTO EV BHARAT 2025",
      "date": "2025-11-19",
      "dateEnd": "2025-11-21",
      "time": "9:00 AM",
      "location": "Bengaluru, India",
      "description": "Join us as we represent Teledyne Lecroy and explore our test and measuring solutions catered for the automobile industry.",
      "fullDescription": "Discover advanced automotive testing solutions and connect with industry experts at India's premier EV expo.",
      "image": "../images/events/auto-ev.png",
      "imageAlt": "AUTO EV BHARAT 2025 Logo",
      "registrationEnabled": false,
      "externalUrl": "https://app.warpbay.com/form/67e3cc16bf88b142e8a9fa2b/visitor/67ebc64f7a81308994294e53",
      "company": "Teledyne LeCroy",
      "status": "upcoming"
    },
    {
      "id": "oscilloscope-showcase-2025-12",
      "slug": "oscilloscope-technology-showcase",
      "type": "showcase",
      "title": "Advanced Oscilloscope Technology Showcase",
      "date": "2025-12-15",
      "time": "9:00 AM",
      "location": "Bengaluru, India",
      "description": "Experience hands-on demonstrations of cutting-edge oscilloscopes and explore revolutionary testing solutions across multiple industries.",
      "fullDescription": "Join us for an interactive showcase featuring next-generation oscilloscopes and advanced measurement technologies from Teledyne LeCroy.",
      "image": "../images/logo.png",
      "imageAlt": "Teledyne LeCroy Logo",
      "registrationEnabled": false,
      "company": "Teledyne LeCroy",
      "status": "upcoming"
    }
  ]
}